,antecedents,consequents,antecedent support,consequent support,support,confidence,lift,leverage,conviction,length
0,frozenset({'Dilakukan pemerdayaan lanjutan'}),frozenset({'Dilakukan pemerdayaan'}),0.44285714285714284,0.7392857142857143,0.4357142857142857,0.9838709677419355,1.330839956365903,0.10831632653061224,16.164285714285725,1
1,frozenset({'Penggunaan E-Commerce'}),frozenset({'Dilakukan pemerdayaan'}),0.65,0.7392857142857143,0.5214285714285715,0.8021978021978022,1.0850984764028242,0.04089285714285712,1.3180555555555555,1
2,frozenset({'Kurang manajemen keuangan / pengelolahan keuangan yang tidak efisien'}),frozenset({'Kurangnya pemodalan/biaya'}),0.43214285714285716,0.7321428571428571,0.35714285714285715,0.8264462809917356,1.128804676476517,0.0407525510204082,1.543367346938776,1
3,frozenset({'Pembukuan masih manual'}),frozenset({'Kurangnya pemodalan/biaya'}),0.4785714285714286,0.7321428571428571,0.3892857142857143,0.8134328358208955,1.11103021477976,0.03890306122448983,1.4357142857142862,1
4,frozenset({'Persaingan usaha yang ketat'}),frozenset({'Kurangnya pemodalan/biaya'}),0.45357142857142857,0.7321428571428571,0.3892857142857143,0.8582677165354331,1.1722681006337623,0.05720663265306125,1.8898809523809532,1
5,frozenset({'Tidak adanya pemerdayaan pasca pelatihan'}),frozenset({'Kurangnya pemodalan/biaya'}),0.5571428571428572,0.7321428571428571,0.44642857142857145,0.8012820512820513,1.0944340212632897,0.03852040816326535,1.3479262672811065,1
6,"frozenset({'Penggunaan E-Commerce', 'Rp ? 5 juta'})",frozenset({'Kurangnya pemodalan/biaya'}),0.45357142857142857,0.7321428571428571,0.36428571428571427,0.8031496062992126,1.0969848281159977,0.03220663265306123,1.360714285714286,2
7,"frozenset({'Tidak adanya pemerdayaan pasca pelatihan', 'Rp ? 5 juta'})",frozenset({'Kurangnya pemodalan/biaya'}),0.42857142857142855,0.7321428571428571,0.3535714285714286,0.8250000000000001,1.126829268292683,0.03979591836734697,1.53061224489796,2
